{
  "swagger": "2.0",
  "info": {
    "version": "1.0.0",
    "title": "REST API",
    "description": ""
  },
  "host": "localhost:3000",
  "basePath": "/",
  "schemes": ["http"],
  "paths": {
    "/api/v1/auth/verification/generate": {
      "post": {
        "description": "",
        "parameters": [
          {
            "name": "body",
            "in": "body",
            "schema": {
              "type": "object",
              "properties": {
                "userId": {
                  "example": "any"
                },
                "userType": {
                  "example": "any"
                },
                "useCase": {
                  "example": "any"
                },
                "mobileNumber": {
                  "example": "any"
                }
              }
            }
          }
        ],
        "responses": {
          "0": {
            "description": ""
          },
          "1": {
            "description": ""
          },
          "2": {
            "description": ""
          },
          "4": {
            "description": ""
          },
          "5": {
            "description": ""
          },
          "6": {
            "description": ""
          },
          "9": {
            "description": ""
          },
          "200": {
            "description": "OK"
          },
          "400": {
            "description": "Bad Request"
          },
          "404": {
            "description": "Not Found"
          },
          "429": {
            "description": "Too Many Requests"
          },
          "500": {
            "description": "Internal Server Error"
          }
        }
      }
    },
    "/api/v1/auth/verification/verify": {
      "post": {
        "description": "",
        "parameters": [
          {
            "name": "body",
            "in": "body",
            "schema": {
              "type": "object",
              "properties": {
                "userId": {
                  "example": "any"
                },
                "verificationCode": {
                  "example": "any"
                },
                "useCase": {
                  "example": "any"
                },
                "mobileNumber": {
                  "example": "any"
                }
              }
            }
          }
        ],
        "responses": {
          "200": {
            "description": "OK"
          },
          "400": {
            "description": "Bad Request"
          },
          "500": {
            "description": "Internal Server Error"
          }
        }
      }
    },
    "/api/v1/auth/signup": {
      "post": {
        "description": "",
        "parameters": [
          {
            "name": "body",
            "in": "body",
            "schema": {
              "type": "object",
              "properties": {
                "mobileNumber": {
                  "example": "any"
                },
                "password": {
                  "example": "any"
                },
                "fullName": {
                  "example": "any"
                },
                "emailAddress": {
                  "example": "any"
                },
                "primaryRole": {
                  "example": "any"
                },
                "userType": {
                  "example": "any"
                },
                "sectorId": {
                  "example": "any"
                },
                "categoryId": {
                  "example": "any"
                },
                "createdBy": {
                  "example": "any"
                },
                "updatedBy": {
                  "example": "any"
                }
              }
            }
          }
        ],
        "responses": {
          "0": {
            "description": ""
          },
          "1": {
            "description": ""
          },
          "2": {
            "description": ""
          },
          "4": {
            "description": ""
          },
          "5": {
            "description": ""
          },
          "200": {
            "description": "OK"
          },
          "201": {
            "description": "Created"
          },
          "400": {
            "description": "Bad Request"
          },
          "500": {
            "description": "Internal Server Error"
          }
        }
      }
    },
    "/api/v1/auth/login": {
      "post": {
        "description": "",
        "parameters": [
          {
            "name": "body",
            "in": "body",
            "schema": {
              "type": "object",
              "properties": {
                "mobileNumber": {
                  "example": "any"
                },
                "password": {
                  "example": "any"
                },
                "rememberMe": {
                  "example": "any"
                },
                "isThisMobile": {
                  "example": "any"
                }
              }
            }
          }
        ],
        "responses": {
          "200": {
            "description": "OK"
          },
          "400": {
            "description": "Bad Request"
          },
          "401": {
            "description": "Unauthorized"
          },
          "500": {
            "description": "Internal Server Error"
          }
        }
      }
    },
    "/api/v1/auth/generate-login-token": {
      "post": {
        "description": "",
        "parameters": [
          {
            "name": "authorization",
            "in": "header",
            "type": "string"
          }
        ],
        "responses": {
          "200": {
            "description": "OK"
          },
          "401": {
            "description": "Unauthorized"
          },
          "403": {
            "description": "Forbidden"
          },
          "500": {
            "description": "Internal Server Error"
          }
        }
      }
    },
    "/api/v1/auth/verify-login-token": {
      "post": {
        "description": "",
        "parameters": [
          {
            "name": "body",
            "in": "body",
            "schema": {
              "type": "object",
              "properties": {
                "where": {
                  "example": "any"
                }
              }
            }
          }
        ],
        "responses": {
          "200": {
            "description": "OK"
          },
          "401": {
            "description": "Unauthorized"
          },
          "403": {
            "description": "Forbidden"
          },
          "500": {
            "description": "Internal Server Error"
          }
        }
      }
    },
    "/api/v1/auth/logout": {
      "post": {
        "description": "",
        "parameters": [
          {
            "name": "body",
            "in": "body",
            "schema": {
              "type": "object",
              "properties": {
                "userId": {
                  "example": "any"
                }
              }
            }
          }
        ],
        "responses": {
          "200": {
            "description": "OK"
          },
          "400": {
            "description": "Bad Request"
          },
          "500": {
            "description": "Internal Server Error"
          }
        }
      }
    },
    "/api/v1/auth/generate-otp-customer-app": {
      "post": {
        "description": "",
        "parameters": [
          {
            "name": "body",
            "in": "body",
            "schema": {
              "type": "object",
              "properties": {
                "mobileNumber": {
                  "example": "any"
                },
                "createdBy": {
                  "example": "any"
                },
                "updatedBy": {
                  "example": "any"
                }
              }
            }
          }
        ],
        "responses": {
          "0": {
            "description": ""
          },
          "1": {
            "description": ""
          },
          "2": {
            "description": ""
          },
          "4": {
            "description": ""
          },
          "5": {
            "description": ""
          },
          "6": {
            "description": ""
          },
          "9": {
            "description": ""
          },
          "200": {
            "description": "OK"
          },
          "400": {
            "description": "Bad Request"
          },
          "429": {
            "description": "Too Many Requests"
          },
          "500": {
            "description": "Internal Server Error"
          }
        }
      }
    },
    "/api/v1/auth/verify-otp-customer-app": {
      "post": {
        "description": "",
        "parameters": [
          {
            "name": "body",
            "in": "body",
            "schema": {
              "type": "object",
              "properties": {
                "verificationCode": {
                  "example": "any"
                },
                "mobileNumber": {
                  "example": "any"
                }
              }
            }
          }
        ],
        "responses": {
          "200": {
            "description": "OK"
          },
          "400": {
            "description": "Bad Request"
          },
          "500": {
            "description": "Internal Server Error"
          }
        }
      }
    },
    "/api/v1/auth/refresh": {
      "post": {
        "description": "",
        "responses": {
          "200": {
            "description": "OK"
          },
          "401": {
            "description": "Unauthorized"
          }
        }
      }
    },
    "/api/v1/auth/generate-upload-url": {
      "post": {
        "description": "",
        "parameters": [
          {
            "name": "body",
            "in": "body",
            "schema": {
              "type": "object",
              "properties": {
                "bucketName": {
                  "example": "any"
                },
                "key": {
                  "example": "any"
                },
                "expDate": {
                  "example": "any"
                },
                "contentType": {
                  "example": "any"
                }
              }
            }
          }
        ],
        "responses": {
          "200": {
            "description": "OK"
          },
          "400": {
            "description": "Bad Request"
          },
          "500": {
            "description": "Internal Server Error"
          }
        }
      }
    },
    "/api/v1/auth/document-retrival": {
      "post": {
        "description": "",
        "responses": {
          "default": {
            "description": ""
          }
        }
      }
    },
    "/api/v1/auth/list-uploaded-document": {
      "post": {
        "description": "",
        "parameters": [
          {
            "name": "body",
            "in": "body",
            "schema": {
              "type": "object",
              "properties": {
                "bucketName": {
                  "example": "any"
                },
                "key": {
                  "example": "any"
                },
                "contentType": {
                  "example": "any"
                },
                "documentName": {
                  "example": "any"
                },
                "documentType": {
                  "example": "any"
                },
                "documentDescription": {
                  "example": "any"
                },
                "documentSize": {
                  "example": "any"
                }
              }
            }
          }
        ],
        "responses": {
          "201": {
            "description": "Created"
          },
          "400": {
            "description": "Bad Request"
          },
          "500": {
            "description": "Internal Server Error"
          }
        }
      }
    },
    "/api/v1/auth/forgot-password/reset": {
      "post": {
        "description": "",
        "parameters": [
          {
            "name": "body",
            "in": "body",
            "schema": {
              "type": "object",
              "properties": {
                "mobileNumber": {
                  "example": "any"
                },
                "newPassword": {
                  "example": "any"
                },
                "verificationCode": {
                  "example": "any"
                }
              }
            }
          }
        ],
        "responses": {
          "200": {
            "description": "OK"
          },
          "400": {
            "description": "Bad Request"
          },
          "404": {
            "description": "Not Found"
          },
          "500": {
            "description": "Internal Server Error"
          }
        }
      }
    },
    "/api/v1/auth/change-password": {
      "post": {
        "description": "",
        "parameters": [
          {
            "name": "body",
            "in": "body",
            "schema": {
              "type": "object",
              "properties": {
                "userId": {
                  "example": "any"
                },
                "password": {
                  "example": "any"
                },
                "newPassword": {
                  "example": "any"
                }
              }
            }
          }
        ],
        "responses": {
          "200": {
            "description": "OK"
          },
          "400": {
            "description": "Bad Request"
          },
          "404": {
            "description": "Not Found"
          },
          "500": {
            "description": "Internal Server Error"
          }
        }
      }
    },
    "/api/v1/sectors/categories": {
      "post": {
        "description": "",
        "parameters": [
          {
            "name": "body",
            "in": "body",
            "schema": {
              "type": "object",
              "properties": {
                "sectorId": {
                  "example": "any"
                }
              }
            }
          }
        ],
        "responses": {
          "200": {
            "description": "OK"
          },
          "500": {
            "description": "Internal Server Error"
          }
        }
      }
    },
    "/api/v1/sectors/categories/subCategories": {
      "post": {
        "description": "",
        "parameters": [
          {
            "name": "body",
            "in": "body",
            "schema": {
              "type": "object",
              "properties": {
                "categoryId": {
                  "example": "any"
                }
              }
            }
          }
        ],
        "responses": {
          "200": {
            "description": "OK"
          },
          "500": {
            "description": "Internal Server Error"
          }
        }
      }
    },
    "/api/v1/sectors/me": {
      "post": {
        "description": "",
        "parameters": [
          {
            "name": "body",
            "in": "body",
            "schema": {
              "type": "object",
              "properties": {
                "sectorId": {
                  "example": "any"
                },
                "sectorName": {
                  "example": "any"
                }
              }
            }
          }
        ],
        "responses": {
          "200": {
            "description": "OK"
          },
          "400": {
            "description": "Bad Request"
          },
          "500": {
            "description": "Internal Server Error"
          }
        }
      }
    },
    "/api/v1/sectors/categories/subCategories/services-offered": {
      "post": {
        "description": "",
        "parameters": [
          {
            "name": "body",
            "in": "body",
            "schema": {
              "type": "object",
              "properties": {
                "subCategoryId": {
                  "example": "any"
                }
              }
            }
          }
        ],
        "responses": {
          "200": {
            "description": "OK"
          },
          "500": {
            "description": "Internal Server Error"
          }
        }
      }
    },
    "/api/v1/categories/sector-wise": {
      "post": {
        "description": "",
        "parameters": [
          {
            "name": "body",
            "in": "body",
            "schema": {
              "type": "object",
              "properties": {
                "sectorId": {
                  "example": "any"
                }
              }
            }
          }
        ],
        "responses": {
          "200": {
            "description": "OK"
          },
          "500": {
            "description": "Internal Server Error"
          }
        }
      }
    },
    "/api/v1/profile/me": {
      "post": {
        "description": "",
        "parameters": [
          {
            "name": "body",
            "in": "body",
            "schema": {
              "type": "object",
              "properties": {
                "userId": {
                  "example": "any"
                }
              }
            }
          }
        ],
        "responses": {
          "200": {
            "description": "OK"
          },
          "400": {
            "description": "Bad Request"
          },
          "500": {
            "description": "Internal Server Error"
          }
        }
      }
    },
    "/api/v1/profile/your-personal-details": {
      "post": {
        "description": "",
        "parameters": [
          {
            "name": "body",
            "in": "body",
            "schema": {
              "type": "object",
              "properties": {
                "userId": {
                  "example": "any"
                },
                "sectorId": {
                  "example": "any"
                }
              }
            }
          }
        ],
        "responses": {
          "200": {
            "description": "OK"
          },
          "500": {
            "description": "Internal Server Error"
          }
        }
      }
    },
    "/api/v1/profile/your-professional-details": {
      "post": {
        "description": "",
        "parameters": [
          {
            "name": "body",
            "in": "body",
            "schema": {
              "type": "object",
              "properties": {
                "userId": {
                  "example": "any"
                },
                "sectorId": {
                  "example": "any"
                }
              }
            }
          }
        ],
        "responses": {
          "200": {
            "description": "OK"
          },
          "500": {
            "description": "Internal Server Error"
          }
        }
      }
    },
    "/api/v1/profile/your-educational-details/{sectortype}": {
      "post": {
        "description": "",
        "parameters": [
          {
            "name": "sectortype",
            "in": "path",
            "required": true,
            "type": "string"
          },
          {
            "name": "body",
            "in": "body",
            "schema": {
              "type": "object",
              "properties": {
                "userId": {
                  "example": "any"
                },
                "sectorId": {
                  "example": "any"
                }
              }
            }
          }
        ],
        "responses": {
          "200": {
            "description": "OK"
          },
          "500": {
            "description": "Internal Server Error"
          }
        }
      }
    },
    "/api/v1/profile/your-financial-details": {
      "post": {
        "description": "",
        "parameters": [
          {
            "name": "body",
            "in": "body",
            "schema": {
              "type": "object",
              "properties": {
                "userId": {
                  "example": "any"
                },
                "sectorId": {
                  "example": "any"
                }
              }
            }
          }
        ],
        "responses": {
          "200": {
            "description": "OK"
          },
          "500": {
            "description": "Internal Server Error"
          }
        }
      }
    },
    "/api/v1/profile/your-business-details": {
      "post": {
        "description": "",
        "parameters": [
          {
            "name": "body",
            "in": "body",
            "schema": {
              "type": "object",
              "properties": {
                "userId": {
                  "example": "any"
                },
                "sectorId": {
                  "example": "any"
                }
              }
            }
          }
        ],
        "responses": {
          "200": {
            "description": "OK"
          },
          "500": {
            "description": "Internal Server Error"
          }
        }
      }
    },
    "/api/v1/profile/personal": {
      "post": {
        "description": "",
        "parameters": [
          {
            "name": "body",
            "in": "body",
            "schema": {
              "type": "object",
              "properties": {
                "sectorId": {
                  "example": "any"
                },
                "userId": {
                  "example": "any"
                },
                "mobileNumber": {
                  "example": "any"
                },
                "profilePictureId": {
                  "example": "any"
                },
                "fullName": {
                  "example": "any"
                },
                "dob": {
                  "example": "any"
                },
                "emailAddress": {
                  "example": "any"
                },
                "bio": {
                  "example": "any"
                },
                "permanentAddress": {
                  "example": "any"
                },
                "currentAddress": {
                  "example": "any"
                },
                "aadharNumberId": {
                  "example": "any"
                },
                "panNumberId": {
                  "example": "any"
                },
                "createdBy": {
                  "example": "any"
                },
                "updatedBy": {
                  "example": "any"
                }
              }
            }
          }
        ],
        "responses": {
          "200": {
            "description": "OK"
          },
          "400": {
            "description": "Bad Request"
          },
          "500": {
            "description": "Internal Server Error"
          }
        }
      }
    },
    "/api/v1/profile/professional": {
      "post": {
        "description": "",
        "parameters": [
          {
            "name": "body",
            "in": "body",
            "schema": {
              "type": "object",
              "properties": {
                "sectorId": {
                  "example": "any"
                },
                "userId": {
                  "example": "any"
                },
                "portfolioDocumentIds": {
                  "example": "any"
                },
                "exp": {
                  "example": "any"
                },
                "comments": {
                  "example": "any"
                },
                "preferredWorkType": {
                  "example": "any"
                },
                "preferredLocation": {
                  "example": "any"
                },
                "createdBy": {
                  "example": "any"
                },
                "updatedBy": {
                  "example": "any"
                }
              }
            }
          }
        ],
        "responses": {
          "200": {
            "description": "OK"
          },
          "400": {
            "description": "Bad Request"
          },
          "500": {
            "description": "Internal Server Error"
          }
        }
      }
    },
    "/api/v1/profile/educational/{sectortype}": {
      "post": {
        "description": "",
        "parameters": [
          {
            "name": "sectortype",
            "in": "path",
            "required": true,
            "type": "string"
          },
          {
            "name": "body",
            "in": "body",
            "schema": {
              "type": "object",
              "properties": {
                "sectorId": {
                  "example": "any"
                },
                "userId": {
                  "example": "any"
                },
                "collegeName": {
                  "example": "any"
                },
                "degree": {
                  "example": "any"
                },
                "yearOfCompletion": {
                  "example": "any"
                },
                "otherCertifications": {
                  "example": "any"
                },
                "achievements": {
                  "example": "any"
                },
                "licAndCertUploadIds": {
                  "example": "any"
                },
                "createdBy": {
                  "example": "any"
                },
                "updatedBy": {
                  "example": "any"
                }
              }
            }
          }
        ],
        "responses": {
          "201": {
            "description": "Created"
          },
          "500": {
            "description": "Internal Server Error"
          }
        }
      }
    },
    "/api/v1/profile/financial": {
      "post": {
        "description": "",
        "parameters": [
          {
            "name": "body",
            "in": "body",
            "schema": {
              "type": "object",
              "properties": {
                "sectorId": {
                  "example": "any"
                },
                "userId": {
                  "example": "any"
                },
                "bankName": {
                  "example": "any"
                },
                "accountHolder": {
                  "example": "any"
                },
                "accountNumber": {
                  "example": "any"
                },
                "ifscCode": {
                  "example": "any"
                },
                "upiIds": {
                  "example": "any"
                },
                "cancelledChequesIds": {
                  "example": "any"
                },
                "createdBy": {
                  "example": "any"
                },
                "updatedBy": {
                  "example": "any"
                }
              }
            }
          }
        ],
        "responses": {
          "200": {
            "description": "OK"
          },
          "500": {
            "description": "Internal Server Error"
          }
        }
      }
    },
    "/api/v1/profile/business": {
      "post": {
        "description": "",
        "parameters": [
          {
            "name": "body",
            "in": "body",
            "schema": {
              "type": "object",
              "properties": {
                "userId": {
                  "example": "any"
                },
                "sectorId": {
                  "example": "any"
                },
                "profilePictureUploadId": {
                  "example": "any"
                },
                "companyName": {
                  "example": "any"
                },
                "companyType": {
                  "example": "any"
                },
                "emailAddress": {
                  "example": "any"
                },
                "gstInNumber": {
                  "example": "any"
                },
                "mobileNumber": {
                  "example": "any"
                },
                "companyPancard": {
                  "example": "any"
                },
                "bio": {
                  "example": "any"
                },
                "permanentAddress": {
                  "example": "any"
                },
                "currentAddress": {
                  "example": "any"
                },
                "registrationCertificateUploadId": {
                  "example": "any"
                },
                "panNumberUploadId": {
                  "example": "any"
                },
                "createdBy": {
                  "example": "any"
                },
                "updatedBy": {
                  "example": "any"
                }
              }
            }
          }
        ],
        "responses": {
          "200": {
            "description": "OK"
          },
          "500": {
            "description": "Internal Server Error"
          }
        }
      }
    },
    "/api/v1/profile/your-personal-details-customer": {
      "post": {
        "description": "",
        "parameters": [
          {
            "name": "body",
            "in": "body",
            "schema": {
              "type": "object",
              "properties": {
                "userId": {
                  "example": "any"
                }
              }
            }
          }
        ],
        "responses": {
          "200": {
            "description": "OK"
          },
          "400": {
            "description": "Bad Request"
          },
          "500": {
            "description": "Internal Server Error"
          }
        }
      }
    },
    "/api/v1/profile/personal-customer": {
      "post": {
        "description": "",
        "parameters": [
          {
            "name": "body",
            "in": "body",
            "schema": {
              "type": "object",
              "properties": {
                "userId": {
                  "example": "any"
                },
                "fullName": {
                  "example": "any"
                },
                "emailAddress": {
                  "example": "any"
                },
                "mobileNumber": {
                  "example": "any"
                },
                "createdBy": {
                  "example": "any"
                },
                "updatedBy": {
                  "example": "any"
                }
              }
            }
          }
        ],
        "responses": {
          "500": {
            "description": "Internal Server Error"
          }
        }
      }
    },
    "/api/v1/order-management/customer/providers": {
      "post": {
        "description": "",
        "parameters": [
          {
            "name": "serviceName",
            "in": "query",
            "type": "string"
          },
          {
            "name": "minPrice",
            "in": "query",
            "type": "string"
          },
          {
            "name": "maxPrice",
            "in": "query",
            "type": "string"
          },
          {
            "name": "city",
            "in": "query",
            "type": "string"
          },
          {
            "name": "body",
            "in": "body",
            "schema": {
              "type": "object",
              "properties": {
                "categoryId": {
                  "example": "any"
                },
                "subCategoryId": {
                  "example": "any"
                }
              }
            }
          }
        ],
        "responses": {
          "200": {
            "description": "OK"
          },
          "500": {
            "description": "Internal Server Error"
          }
        }
      }
    },
    "/api/v1/order-management/customer/timeSlots/{date}": {
      "post": {
        "description": "",
        "parameters": [
          {
            "name": "date",
            "in": "path",
            "required": true,
            "type": "string"
          }
        ],
        "responses": {
          "200": {
            "description": "OK"
          },
          "400": {
            "description": "Bad Request"
          },
          "500": {
            "description": "Internal Server Error"
          }
        }
      }
    },
    "/api/v1/order-management/customer/order-history": {
      "post": {
        "description": "",
        "parameters": [
          {
            "name": "type",
            "in": "query",
            "type": "string"
          },
          {
            "name": "onDate",
            "in": "query",
            "type": "string"
          },
          {
            "name": "body",
            "in": "body",
            "schema": {
              "type": "object",
              "properties": {
                "customerId": {
                  "example": "any"
                }
              }
            }
          }
        ],
        "responses": {
          "200": {
            "description": "OK"
          },
          "400": {
            "description": "Bad Request"
          },
          "500": {
            "description": "Internal Server Error"
          }
        }
      }
    },
    "/api/v1/order-management/customer/get-address": {
      "post": {
        "description": "",
        "parameters": [
          {
            "name": "body",
            "in": "body",
            "schema": {
              "type": "object",
              "properties": {
                "userId": {
                  "example": "any"
                }
              }
            }
          }
        ],
        "responses": {
          "200": {
            "description": "OK"
          },
          "400": {
            "description": "Bad Request"
          },
          "500": {
            "description": "Internal Server Error"
          }
        }
      }
    },
    "/api/v1/order-management/customer/add-or-update-address": {
      "post": {
        "description": "",
        "parameters": [
          {
            "name": "body",
            "in": "body",
            "schema": {
              "type": "object",
              "properties": {
                "addressId": {
                  "example": "any"
                },
                "userId": {
                  "example": "any"
                },
                "title": {
                  "example": "any"
                },
                "addressLine1": {
                  "example": "any"
                },
                "addressLine2": {
                  "example": "any"
                },
                "city": {
                  "example": "any"
                },
                "state": {
                  "example": "any"
                },
                "pincode": {
                  "example": "any"
                },
                "createdBy": {
                  "example": "any"
                },
                "updatedBy": {
                  "example": "any"
                }
              }
            }
          }
        ],
        "responses": {
          "200": {
            "description": "OK"
          },
          "400": {
            "description": "Bad Request"
          },
          "404": {
            "description": "Not Found"
          },
          "500": {
            "description": "Internal Server Error"
          }
        }
      }
    },
    "/api/v1/order-management/customer/add-to-cart": {
      "post": {
        "description": "",
        "parameters": [
          {
            "name": "body",
            "in": "body",
            "schema": {
              "type": "object",
              "properties": {
                "customerId": {
                  "example": "any"
                },
                "sectorId": {
                  "example": "any"
                },
                "serviceProviderId": {
                  "example": "any"
                },
                "providedServiceId": {
                  "example": "any"
                },
                "workDetails": {
                  "example": "any"
                },
                "mrp": {
                  "example": "any"
                },
                "deliveryDate": {
                  "example": "any"
                },
                "deliveryTime": {
                  "example": "any"
                },
                "deliveryAddressId": {
                  "example": "any"
                },
                "additionalNote": {
                  "example": "any"
                },
                "attachments": {
                  "example": "any"
                }
              }
            }
          }
        ],
        "responses": {
          "201": {
            "description": "Created"
          },
          "400": {
            "description": "Bad Request"
          },
          "500": {
            "description": "Internal Server Error"
          }
        }
      }
    },
    "/api/v1/order-management/customer/get-cart-item": {
      "post": {
        "description": "",
        "parameters": [
          {
            "name": "body",
            "in": "body",
            "schema": {
              "type": "object",
              "properties": {
                "cartItemBookingId": {
                  "example": "any"
                },
                "cartId": {
                  "example": "any"
                }
              }
            }
          }
        ],
        "responses": {
          "200": {
            "description": "OK"
          },
          "401": {
            "description": "Unauthorized"
          },
          "500": {
            "description": "Internal Server Error"
          }
        }
      }
    },
    "/api/v1/order-management/customer/get-booked-item": {
      "post": {
        "description": "",
        "parameters": [
          {
            "name": "body",
            "in": "body",
            "schema": {
              "type": "object",
              "properties": {
                "orderItemBookingId": {
                  "example": "any"
                },
                "orderId": {
                  "example": "any"
                }
              }
            }
          }
        ],
        "responses": {
          "200": {
            "description": "OK"
          },
          "401": {
            "description": "Unauthorized"
          },
          "500": {
            "description": "Internal Server Error"
          }
        }
      }
    },
    "/api/v1/order-management/customer/cart-to-order": {
      "post": {
        "description": "",
        "parameters": [
          {
            "name": "body",
            "in": "body",
            "schema": {
              "type": "object",
              "properties": {
                "cartId": {
                  "example": "any"
                },
                "userId": {
                  "example": "any"
                }
              }
            }
          }
        ],
        "responses": {
          "200": {
            "description": "OK"
          },
          "401": {
            "description": "Unauthorized"
          },
          "500": {
            "description": "Internal Server Error"
          }
        }
      }
    },
    "/api/v1/order-management/customer/reschedule": {
      "post": {
        "description": "",
        "parameters": [
          {
            "name": "body",
            "in": "body",
            "schema": {
              "type": "object",
              "properties": {
                "orderId": {
                  "example": "any"
                },
                "newDeliveryDate": {
                  "example": "any"
                },
                "newDeliveryTime": {
                  "example": "any"
                },
                "reason": {
                  "example": "any"
                },
                "createdBy": {
                  "example": "any"
                },
                "updatedBy": {
                  "example": "any"
                }
              }
            }
          }
        ],
        "responses": {
          "200": {
            "description": "OK"
          },
          "400": {
            "description": "Bad Request"
          },
          "500": {
            "description": "Internal Server Error"
          }
        }
      }
    },
    "/api/v1/order-management/customer/cancel": {
      "post": {
        "description": "",
        "parameters": [
          {
            "name": "body",
            "in": "body",
            "schema": {
              "type": "object",
              "properties": {
                "orderItemBookingId": {
                  "example": "any"
                },
                "reason": {
                  "example": "any"
                },
                "updatedBy": {
                  "example": "any"
                }
              }
            }
          }
        ],
        "responses": {
          "200": {
            "description": "OK"
          },
          "400": {
            "description": "Bad Request"
          },
          "404": {
            "description": "Not Found"
          },
          "500": {
            "description": "Internal Server Error"
          }
        }
      }
    },
    "/api/v1/order-management/service-provider/": {
      "post": {
        "description": "",
        "parameters": [
          {
            "name": "status",
            "in": "query",
            "type": "string"
          },
          {
            "name": "priceStart",
            "in": "query",
            "type": "string"
          },
          {
            "name": "priceEnd",
            "in": "query",
            "type": "string"
          },
          {
            "name": "dateStart",
            "in": "query",
            "type": "string"
          },
          {
            "name": "dateEnd",
            "in": "query",
            "type": "string"
          },
          {
            "name": "subCategory",
            "in": "query",
            "type": "string"
          },
          {
            "name": "page",
            "in": "query",
            "type": "string"
          },
          {
            "name": "limit",
            "in": "query",
            "type": "string"
          },
          {
            "name": "body",
            "in": "body",
            "schema": {
              "type": "object",
              "properties": {
                "userId": {
                  "example": "any"
                }
              }
            }
          }
        ],
        "responses": {
          "200": {
            "description": "OK"
          },
          "400": {
            "description": "Bad Request"
          },
          "500": {
            "description": "Internal Server Error"
          }
        }
      }
    },
    "/api/v1/order-management/service-provider/accept": {
      "post": {
        "description": "",
        "parameters": [
          {
            "name": "body",
            "in": "body",
            "schema": {
              "type": "object",
              "properties": {
                "orderItemBookingId": {
                  "example": "any"
                }
              }
            }
          }
        ],
        "responses": {
          "200": {
            "description": "OK"
          },
          "404": {
            "description": "Not Found"
          },
          "500": {
            "description": "Internal Server Error"
          }
        }
      }
    },
    "/api/v1/order-management/service-provider/reject": {
      "post": {
        "description": "",
        "parameters": [
          {
            "name": "body",
            "in": "body",
            "schema": {
              "type": "object",
              "properties": {
                "orderItemBookingId": {
                  "example": "any"
                },
                "reason": {
                  "example": "any"
                },
                "updatedBy": {
                  "example": "any"
                }
              }
            }
          }
        ],
        "responses": {
          "200": {
            "description": "OK"
          },
          "404": {
            "description": "Not Found"
          },
          "500": {
            "description": "Internal Server Error"
          }
        }
      }
    },
    "/api/v1/order-management/service-provider/complete": {
      "post": {
        "description": "",
        "parameters": [
          {
            "name": "body",
            "in": "body",
            "schema": {
              "type": "object",
              "properties": {
                "orderItemBookingId": {
                  "example": "any"
                },
                "updatedBy": {
                  "example": "any"
                }
              }
            }
          }
        ],
        "responses": {
          "200": {
            "description": "OK"
          },
          "404": {
            "description": "Not Found"
          },
          "500": {
            "description": "Internal Server Error"
          }
        }
      }
    },
    "/api/v1/order-management/service-provider/service-management/get": {
      "post": {
        "description": "",
        "parameters": [
          {
            "name": "isActive",
            "in": "query",
            "type": "string"
          },
          {
            "name": "body",
            "in": "body",
            "schema": {
              "type": "object",
              "properties": {
                "id": {
                  "example": "any"
                },
                "userId": {
                  "example": "any"
                }
              }
            }
          }
        ],
        "responses": {
          "200": {
            "description": "OK"
          },
          "400": {
            "description": "Bad Request"
          },
          "500": {
            "description": "Internal Server Error"
          }
        }
      }
    },
    "/api/v1/order-management/service-provider/service-management/add-or-update": {
      "post": {
        "description": "",
        "parameters": [
          {
            "name": "body",
            "in": "body",
            "schema": {
              "type": "object",
              "properties": {
                "createdBy": {
                  "example": "any"
                },
                "id": {
                  "example": "any"
                },
                "userId": {
                  "example": "any"
                },
                "sectorId": {
                  "example": "any"
                },
                "categoryId": {
                  "example": "any"
                },
                "subCategoryId": {
                  "example": "any"
                },
                "serviceIds": {
                  "example": "any"
                },
                "experience": {
                  "example": "any"
                },
                "certificates": {
                  "example": "any"
                },
                "typeOfProjects": {
                  "example": "any"
                },
                "projectScaleExpertise": {
                  "example": "any"
                },
                "typeOfWorkforce": {
                  "example": "any"
                },
                "typesOfClients": {
                  "example": "any"
                },
                "price": {
                  "example": "any"
                },
                "per": {
                  "example": "any"
                },
                "bio": {
                  "example": "any"
                },
                "uploadedImageIds": {
                  "example": "any"
                },
                "isActive": {
                  "example": "any"
                },
                "updatedBy": {
                  "example": "any"
                }
              }
            }
          }
        ],
        "responses": {
          "201": {
            "description": "Created"
          },
          "400": {
            "description": "Bad Request"
          },
          "404": {
            "description": "Not Found"
          },
          "500": {
            "description": "Internal Server Error"
          }
        }
      }
    },
    "/api/v1/order-management/service-provider/service-management": {
      "delete": {
        "description": "",
        "parameters": [
          {
            "name": "body",
            "in": "body",
            "schema": {
              "type": "object",
              "properties": {
                "id": {
                  "example": "any"
                }
              }
            }
          }
        ],
        "responses": {
          "204": {
            "description": "No Content"
          },
          "404": {
            "description": "Not Found"
          },
          "500": {
            "description": "Internal Server Error"
          }
        }
      }
    },
    "/api/v1/order-management/service-provider/by_year_month_week": {
      "post": {
        "description": "",
        "parameters": [
          {
            "name": "body",
            "in": "body",
            "schema": {
              "type": "object",
              "properties": {
                "year": {
                  "example": "any"
                },
                "period": {
                  "example": "any"
                },
                "userId": {
                  "example": "any"
                },
                "sectorId": {
                  "example": "any"
                }
              }
            }
          }
        ],
        "responses": {
          "200": {
            "description": "OK"
          },
          "400": {
            "description": "Bad Request"
          },
          "500": {
            "description": "Internal Server Error"
          }
        }
      }
    },
    "/api/v1/order-management/service-provider/sales/overview/by_year_month_week": {
      "post": {
        "description": "",
        "parameters": [
          {
            "name": "body",
            "in": "body",
            "schema": {
              "type": "object",
              "properties": {
                "year": {
                  "example": "any"
                },
                "period": {
                  "example": "any"
                },
                "userId": {
                  "example": "any"
                },
                "sectorId": {
                  "example": "any"
                }
              }
            }
          }
        ],
        "responses": {
          "200": {
            "description": "OK"
          },
          "400": {
            "description": "Bad Request"
          },
          "500": {
            "description": "Internal Server Error"
          }
        }
      }
    },
    "/api/v1/order-management/service-provider/sales/by_subCategories/by_year_month_week": {
      "post": {
        "description": "",
        "parameters": [
          {
            "name": "body",
            "in": "body",
            "schema": {
              "type": "object",
              "properties": {
                "year": {
                  "example": "any"
                },
                "period": {
                  "example": "any"
                },
                "sectorId": {
                  "example": "any"
                },
                "userId": {
                  "example": "any"
                }
              }
            }
          }
        ],
        "responses": {
          "200": {
            "description": "OK"
          },
          "400": {
            "description": "Bad Request"
          },
          "500": {
            "description": "Internal Server Error"
          }
        }
      }
    },
    "/api/v1/order-management/service-provider/avg_order_price_yearly": {
      "post": {
        "description": "",
        "parameters": [
          {
            "name": "body",
            "in": "body",
            "schema": {
              "type": "object",
              "properties": {
                "year": {
                  "example": "any"
                },
                "sectorId": {
                  "example": "any"
                },
                "userId": {
                  "example": "any"
                }
              }
            }
          }
        ],
        "responses": {
          "200": {
            "description": "OK"
          },
          "400": {
            "description": "Bad Request"
          },
          "500": {
            "description": "Internal Server Error"
          }
        }
      }
    },
    "/api/v1/order-management/service-provider/compare_avg_order_price_monthly": {
      "post": {
        "description": "",
        "parameters": [
          {
            "name": "body",
            "in": "body",
            "schema": {
              "type": "object",
              "properties": {
                "year": {
                  "example": "any"
                },
                "month": {
                  "example": "any"
                },
                "userId": {
                  "example": "any"
                },
                "sectorId": {
                  "example": "any"
                }
              }
            }
          }
        ],
        "responses": {
          "200": {
            "description": "OK"
          },
          "400": {
            "description": "Bad Request"
          },
          "500": {
            "description": "Internal Server Error"
          }
        }
      }
    },
    "/api/v1/checkout/order": {
      "post": {
        "description": "",
        "parameters": [
          {
            "name": "body",
            "in": "body",
            "schema": {
              "type": "object",
              "properties": {
                "amount": {
                  "example": "any"
                },
                "currency": {
                  "example": "any"
                }
              }
            }
          }
        ],
        "responses": {
          "201": {
            "description": "Created"
          },
          "400": {
            "description": "Bad Request"
          }
        }
      }
    },
    "/api/v1/checkout/verify": {
      "post": {
        "description": "",
        "parameters": [
          {
            "name": "body",
            "in": "body",
            "schema": {
              "type": "object",
              "properties": {
                "razorpay_payment_id": {
                  "example": "any"
                },
                "razorpay_order_id": {
                  "example": "any"
                },
                "razorpay_signature": {
                  "example": "any"
                },
                "cartId": {
                  "example": "any"
                },
                "userId": {
                  "example": "any"
                },
                "amount": {
                  "example": "any"
                },
                "currency": {
                  "example": "any"
                }
              }
            }
          }
        ],
        "responses": {
          "200": {
            "description": "OK"
          },
          "400": {
            "description": "Bad Request"
          },
          "500": {
            "description": "Internal Server Error"
          }
        }
      }
    },
    "/api/v1/notifications/": {
      "post": {
        "description": "",
        "parameters": [
          {
            "name": "body",
            "in": "body",
            "schema": {
              "type": "object",
              "properties": {
                "notificationType": {
                  "example": "any"
                },
                "templateName": {
                  "example": "any"
                },
                "recipientId": {
                  "example": "any"
                },
                "recipientType": {
                  "example": "any"
                },
                "data": {
                  "example": "any"
                }
              }
            }
          }
        ],
        "responses": {
          "200": {
            "description": "OK"
          },
          "400": {
            "description": "Bad Request"
          },
          "500": {
            "description": "Internal Server Error"
          }
        }
      }
    },
    "/api/v1/notifications/your-notifications": {
      "post": {
        "description": "",
        "parameters": [
          {
            "name": "body",
            "in": "body",
            "schema": {
              "type": "object",
              "properties": {
                "userId": {
                  "example": "any"
                }
              }
            }
          }
        ],
        "responses": {
          "200": {
            "description": "OK"
          },
          "400": {
            "description": "Bad Request"
          },
          "500": {
            "description": "Internal Server Error"
          }
        }
      }
    },
    "/api/v1/notifications/your-notifications/mark-as-read": {
      "post": {
        "description": "",
        "parameters": [
          {
            "name": "body",
            "in": "body",
            "schema": {
              "type": "object",
              "properties": {
                "notificationId": {
                  "example": "any"
                }
              }
            }
          }
        ],
        "responses": {
          "200": {
            "description": "OK"
          },
          "400": {
            "description": "Bad Request"
          },
          "500": {
            "description": "Internal Server Error"
          }
        }
      }
    },
    "/api/v1/notifications/add-templates": {
      "post": {
        "description": "",
        "parameters": [
          {
            "name": "body",
            "in": "body",
            "schema": {
              "type": "object",
              "properties": {
                "templates": {
                  "example": "any"
                }
              }
            }
          }
        ],
        "responses": {
          "201": {
            "description": "Created"
          },
          "400": {
            "description": "Bad Request"
          },
          "500": {
            "description": "Internal Server Error"
          }
        }
      }
    }
  }
}
